code,name,list_date
000011,深物业A,2026-09-16
000014,沙河股份,2026-09-16
000017,深中华A,2026-09-16
000019,深粮控股,2026-09-16
000025,特力A,2026-09-16
000026,飞亚达,2026-09-16
000036,华联控股,2026-09-16
000037,深南电A,2026-09-16
000045,深纺织A,2026-09-16
000068,华控赛格,2026-09-16
000070,特发信息,2026-09-16
000090,天健集团,2026-09-16
000096,广聚能源,2026-09-16
000151,中成股份,2026-09-16
000153,丰原药业,2026-09-16
000159,国际实业,2026-09-16
000404,长虹华意,2026-09-16
000407,胜利股份,2026-09-16
000409,云鼎科技,2026-09-16
000411,英特集团,2026-09-16
000417,合百集团,2026-09-16
000419,通程控股,2026-09-16
000421,南京公用,2026-09-16
000428,华天酒店,2026-09-16
000501,武商集团,2026-09-16
000505,京粮控股,2026-09-16
000507,珠海港,2026-09-16
000509,华塑控股,2026-09-16
000510,新金路,2026-09-16
000514,渝开发,2026-09-16
000517,荣安地产,2026-09-16
000520,凤凰航运,2026-09-16
000521,长虹美菱,2026-09-16
000523,红棉股份,2026-09-16
000524,岭南控股,2026-09-16
000526,学大教育,2026-09-16
000530,冰山冷热,2026-09-16
000531,穗恒运A,2026-09-16
000532,华金资本,2026-09-16
000533,顺钠股份,2026-09-16
000541,佛山照明,2026-09-16
000551,创元科技,2026-09-16
000554,泰山石油,2026-09-16
000558,天府文旅,2026-09-16
000560,我爱我家,2026-09-16
000561,烽火电子,2026-09-16
000565,渝三峡A,2026-09-16
000570,苏常柴A,2026-09-16
000576,甘化科工,2026-09-16
000589,贵州轮胎,2026-09-16
000593,德龙汇能,2026-09-16
000597,东北制药,2026-09-16
000601,韶能股份,2026-09-16
000607,华媒控股,2026-09-16
000631,顺发恒能,2026-09-16
000635,英 力 特,2026-09-16
000652,泰达股份,2026-09-16
000655,金岭矿业,2026-09-16
000659,珠海中富,2026-09-16
000670,盈方微,2026-09-16
000700,模塑科技,2026-09-16
000701,厦门信达,2026-09-16
000705,浙江震元,2026-09-16
000707,双环科技,2026-09-16
000710,贝瑞基因,2026-09-16
000713,国投丰乐,2026-09-16
000715,中兴商业,2026-09-16
000716,黑芝麻,2026-09-16
000717,中南股份,2026-09-16
000718,苏宁环球,2026-09-16
000721,西安饮食,2026-09-16
000722,湖南发展,2026-09-16
000726,鲁  泰A,2026-09-16
000731,四川美丰,2026-09-16
000735,罗牛山,2026-09-16
000751,锌业股份,2026-09-16
000753,漳州发展,2026-09-16
000756,新华制药,2026-09-16
000759,中百集团,2026-09-16
000777,中核科技,2026-09-16
000779,甘咨询,2026-09-16
000782,恒申新材,2026-09-16
000788,北大医药,2026-09-16
000797,中国武夷,2026-09-16
000798,中水渔业,2026-09-16
000803,山高环能,2026-09-16
000812,陕西金叶,2026-09-16
000815,美利云,2026-09-16
000816,智慧农业,2026-09-16
000819,岳阳兴长,2026-09-16
000822,山东海化,2026-09-16
000823,超声电子,2026-09-16
000850,华茂股份,2026-09-16
000852,石化机械,2026-09-16
000859,国风新材,2026-09-16
000862,银星能源,2026-09-16
000863,三湘印象,2026-09-16
000868,安凯客车,2026-09-16
000882,华联股份,2026-09-16
000886,海南高速,2026-09-16
000888,峨眉山A,2026-09-16
000892,欢瑞世纪,2026-09-16
000897,津滨发展,2026-09-16
000900,现代投资,2026-09-16
000905,厦门港务,2026-09-16
000912,泸天化,2026-09-16
000915,华特达因,2026-09-16
000919,金陵药业,2026-09-16
000920,沃顿科技,2026-09-16
000922,佳电股份,2026-09-16
000925,众合科技,2026-09-16
000926,福星股份,2026-09-16
000931,中关村,2026-09-16
000936,华西股份,2026-09-16
000948,南天信息,2026-09-16
000949,新乡化纤,2026-09-16
000957,中通客车,2026-09-16
000965,天保基建,2026-09-16
000968,蓝焰控股,2026-09-16
000978,桂林旅游,2026-09-16
000989,九芝堂,2026-09-16
000993,闽东电力,2026-09-16
001205,盛航股份,2026-09-16
001206,依依股份,2026-09-16
001207,联科科技,2026-09-16
001208,华菱线缆,2026-09-16
001212,中旗新材,2026-09-16
001215,千味央厨,2026-09-16
001216,华瓷股份,2026-09-16
001217,华尔泰,2026-09-16
001222,源飞宠物,2026-09-16
001223,欧克科技,2026-09-16
001229,魅视科技,2026-09-16
001239,永达股份,2026-09-16
001258,立新能源,2026-09-16
001266,宏英智能,2026-09-16
001277,速达股份,2026-09-16
001282,三联锻造,2026-09-16
001283,豪鹏科技,2026-09-16
001285,瑞立科密,2026-09-16
001288,运机集团,2026-09-16
001296,长江材料,2026-09-16
001298,好上好,2026-09-16
001300,三柏硕,2026-09-16
001306,夏厦精密,2026-09-16
001311,多利科技,2026-09-16
001313,粤海饲料,2026-09-16
001314,亿道信息,2026-09-16
001316,润贝航科,2026-09-16
001317,三羊马,2026-09-16
001318,阳光乳业,2026-09-16
001319,铭科精技,2026-09-16
001325,元创股份,2026-09-16
001328,登康口腔,2026-09-16
001332,锡装股份,2026-09-16
001335,信凯科技,2026-09-16
001338,永顺泰,2026-09-16
001356,富岭股份,2026-09-16
001360,南矿集团,2026-09-16
001367,海森药业,2026-09-16
001376,百通能源,2026-09-16
001379,腾达科技,2026-09-16
001380,华纬科技,2026-09-16
001388,信通电子,2026-09-16
001390,古麒绒材,2026-09-16
001395,亚联机械,2026-09-16
001396,誉帆科技,2026-09-16
001400,江顺科技,2026-09-16
002009,天奇股份,2026-09-16
002016,世荣兆业,2026-09-16
002021,中捷资源,2026-09-16
002022,科华生物,2026-09-16
002026,山东威达,2026-09-16
002029,七匹狼,2026-09-16
002033,丽江股份,2026-09-16
002034,旺能环境,2026-09-16
002035,华帝股份,2026-09-16
002037,保利联合,2026-09-16
002039,黔源电力,2026-09-16
002040,南京港,2026-09-16
002042,华孚时尚,2026-09-16
002052,同洲电子,2026-09-16
002054,德美化工,2026-09-16
002057,中钢天源,2026-09-16
002059,云南旅游,2026-09-16
002062,宏润建设,2026-09-16
002066,瑞泰科技,2026-09-16
002067,景兴纸业,2026-09-16
002079,苏州固锝,2026-09-16
002083,孚日股份,2026-09-16
002090,金智科技,2026-09-16
002094,青岛金王,2026-09-16
002095,生意宝,2026-09-16
002098,浔兴股份,2026-09-16
002103,广博股份,2026-09-16
002106,莱宝高科,2026-09-16
002107,沃华医药,2026-09-16
002108,沧州明珠,2026-09-16
002111,威海广泰,2026-09-16
002112,三变科技,2026-09-16
002115,三维通信,2026-09-16
002116,中国海诚,2026-09-16
002117,东港股份,2026-09-16
002119,康强电子,2026-09-16
002124,天邦食品,2026-09-16
002132,恒星科技,2026-09-16
002134,天津普林,2026-09-16
002135,东南网架,2026-09-16
002137,实益达,2026-09-16
002140,东华科技,2026-09-16
002146,荣盛发展,2026-09-16
002148,北纬科技,2026-09-16
002150,正泰电源,2026-09-16
002154,报喜鸟,2026-09-16
002160,常铝股份,2026-09-16
002161,远望谷,2026-09-16
002162,悦心健康,2026-09-16
002164,宁波东力,2026-09-16
002165,红宝丽,2026-09-16
002166,莱茵生物,2026-09-16
002167,东方锆业,2026-09-16
002169,智光电气,2026-09-16
002172,澳洋健康,2026-09-16
002177,御银股份,2026-09-16
002178,延华智能,2026-09-16
002184,海得控制,2026-09-16
002186,全聚德,2026-09-16
002187,广百股份,2026-09-16
002189,中光学,2026-09-16
002191,劲嘉股份,2026-09-16
002196,方正电机,2026-09-16
002201,九鼎新材,2026-09-16
002206,海利得,2026-09-16
002208,合肥城建,2026-09-16
002210,飞马国际,2026-09-16
002213,大为股份,2026-09-16
002218,拓日新能,2026-09-16
002219,新里程,2026-09-16
002224,三力士,2026-09-16
002225,濮耐股份,2026-09-16
002228,合兴包装,2026-09-16
002229,鸿博股份,2026-09-16
002232,启明信息,2026-09-16
002235,安妮股份,2026-09-16
002238,天威视讯,2026-09-16
002242,九阳股份,2026-09-16
002248,华东数控,2026-09-16
002255,海陆重工,2026-09-16
002263,大东南,2026-09-16
002264,新华都,2026-09-16
002269,美邦服饰,2026-09-16
002272,川润股份,2026-09-16
002274,华昌化工,2026-09-16
002277,友阿股份,2026-09-16
002278,神开股份,2026-09-16
002279,久其软件,2026-09-16
002283,天润工业,2026-09-16
002284,亚太股份,2026-09-16
002285,世联行,2026-09-16
002286,保龄宝,2026-09-16
002293,罗莱生活,2026-09-16
002296,辉煌科技,2026-09-16
002297,博云新材,2026-09-16
002298,中电鑫龙,2026-09-16
002300,太阳电缆,2026-09-16
002301,齐心集团,2026-09-16
002303,美盈森,2026-09-16
002314,南山控股,2026-09-16
002321,华英农业,2026-09-16
002322,理工能科,2026-09-16
002328,新朋股份,2026-09-16
002330,得利斯,2026-09-16
002331,皖通科技,2026-09-16
002333,罗普斯金,2026-09-16
002334,英威腾,2026-09-16
002337,赛象科技,2026-09-16
002339,积成电子,2026-09-16
002342,巨力索具,2026-09-16
002343,慈文传媒,2026-09-16
002344,海宁皮城,2026-09-16
002346,柘中股份,2026-09-16
002348,高乐股份,2026-09-16
002349,精华制药,2026-09-16
002350,北京科锐,2026-09-16
002357,富临运业,2026-09-16
002358,森源电气,2026-09-16
002361,神剑股份,2026-09-16
002362,汉王科技,2026-09-16
002363,隆基机械,2026-09-16
002365,永安药业,2026-09-16
002367,康力电梯,2026-09-16
002369,卓翼科技,2026-09-16
002374,中锐股份,2026-09-16
002375,亚厦股份,2026-09-16
002376,新北洋,2026-09-16
002377,国创高新,2026-09-16
002380,科远智慧,2026-09-16
002386,天原股份,2026-09-16
002390,信邦制药,2026-09-16
002391,长青股份,2026-09-16
002392,北京利尔,2026-09-16
002393,力生制药,2026-09-16
002394,联发股份,2026-09-16
002395,双象股份,2026-09-16
002398,垒知集团,2026-09-16
002401,中远海科,2026-09-16
002404,嘉欣丝绸,2026-09-16
002406,远东传动,2026-09-16
002418,康盛股份,2026-09-16
002419,天虹股份,2026-09-16
002420,毅昌科技,2026-09-16
002427,尤夫股份,2026-09-16
002437,誉衡药业,2026-09-16
002438,江苏神通,2026-09-16
002440,闰土股份,2026-09-16
002441,众业达,2026-09-16
002443,金洲管道,2026-09-16
002445,中南文化,2026-09-16
002446,盛路通信,2026-09-16
002448,中原内配,2026-09-16
002449,国星光电,2026-09-16
002451,摩恩电气,2026-09-16
002452,长高电气,2026-09-16
002454,松芝股份,2026-09-16
002455,百川股份,2026-09-16
002457,青龙管业,2026-09-16
002462,嘉事堂,2026-09-16
002467,二六三,2026-09-16
002469,三维化学,2026-09-16
002471,中超控股,2026-09-16
002474,榕基软件,2026-09-16
002476,新叶股份,2026-09-16
002478,常宝股份,2026-09-16
002479,富春环保,2026-09-16
002480,新筑股份,2026-09-16
002481,双塔食品,2026-09-16
002483,润邦股份,2026-09-16
002489,浙江永强,2026-09-16
002491,通鼎互联,2026-09-16
002510,天汽模,2026-09-16
002515,金字火腿,2026-09-16
002519,银河电子,2026-09-16
002520,日发精机,2026-09-16
002522,浙江众成,2026-09-16
002523,天桥起重,2026-09-16
002526,山东矿机,2026-09-16
002527,新时达,2026-09-16
002530,金财互联,2026-09-16
002533,金杯电工,2026-09-16
002540,亚太科技,2026-09-16
002543,万和电气,2026-09-16
002546,新联电子,2026-09-16
002548,金新农,2026-09-16
002551,尚荣医疗,2026-09-16
002552,宝鼎科技,2026-09-16
002553,南方精工,2026-09-16
002554,惠博普,2026-09-16
002556,辉隆股份,2026-09-16
002559,亚威股份,2026-09-16
002560,通达股份,2026-09-16
002561,徐家汇,2026-09-16
002562,兄弟科技,2026-09-16
002564,天沃科技,2026-09-16
002565,顺灏股份,2026-09-16
002570,贝因美,2026-09-16
002574,明牌珠宝,2026-09-16
002575,群兴玩具,2026-09-16
002576,通达动力,2026-09-16
002577,雷柏科技,2026-09-16
002578,闽发铝业,2026-09-16
002579,中京电子,2026-09-16
002580,圣阳股份,2026-09-16
002584,西陇科学,2026-09-16
002587,奥拓电子,2026-09-16
002589,瑞康医药,2026-09-16
002590,万安科技,2026-09-16
002593,日上集团,2026-09-16
002599,盛通股份,2026-09-16
002606,大连电瓷,2026-09-16
002609,捷顺科技,2026-09-16
002612,朗姿股份,2026-09-16
002613,北玻股份,2026-09-16
002614,奥佳华,2026-09-16
002615,哈尔斯,2026-09-16
002616,长青集团,2026-09-16
002627,三峡旅游,2026-09-16
002628,成都路桥,2026-09-16
002631,德尔未来,2026-09-16
002632,道明光学,2026-09-16
002637,赞宇科技,2026-09-16
002638,勤上股份,2026-09-16
002640,跨境通,2026-09-16
002641,公元股份,2026-09-16
002642,荣联科技,2026-09-16
002644,佛慈制药,2026-09-16
002645,华宏科技,2026-09-16
002646,天佑德酒,2026-09-16
002649,博彦科技,2026-09-16
002655,共达电声,2026-09-16
002658,雪迪龙,2026-09-16
002659,凯文教育,2026-09-16
002660,茂硕电源,2026-09-16
002662,峰璟股份,2026-09-16
002663,普邦股份,2026-09-16
002664,信质集团,2026-09-16
002666,德联集团,2026-09-16
002669,康达新材,2026-09-16
002671,龙泉股份,2026-09-16
002674,兴业科技,2026-09-16
002676,顺威股份,2026-09-16
002677,浙江美大,2026-09-16
002682,龙洲股份,2026-09-16
002685,华东重机,2026-09-16
002686,亿利达,2026-09-16
002688,金河生物,2026-09-16
002692,远程股份,2026-09-16
002695,煌上煌,2026-09-16
002697,红旗连锁,2026-09-16
002703,浙江世宝,2026-09-16
002707,众信旅游,2026-09-16
002708,光洋股份,2026-09-16
002718,友邦吊顶,2026-09-16
002722,物产金轮,2026-09-16
002724,海洋王,2026-09-16
002725,跃岭股份,2026-09-16
002728,特一药业,2026-09-16
002730,电光科技,2026-09-16
002733,雄韬股份,2026-09-16
002734,利民股份,2026-09-16
002735,王子新材,2026-09-16
002741,光华科技,2026-09-16
002746,仙坛股份,2026-09-16
002752,昇兴股份,2026-09-16
002757,南兴股份,2026-09-16
002758,浙农股份,2026-09-16
002765,蓝黛科技,2026-09-16
002766,索菱股份,2026-09-16
002769,普路通,2026-09-16
002771,真视通,2026-09-16
002772,众兴菌业,2026-09-16
002774,快意电梯,2026-09-16
002777,久远银海,2026-09-16
002782,可立克,2026-09-16
002783,凯龙股份,2026-09-16
002785,万里石,2026-09-16
002786,银宝山新,2026-09-16
002787,华源控股,2026-09-16
002788,鹭燕医药,2026-09-16
002793,罗欣药业,2026-09-16
002796,世嘉科技,2026-09-16
002801,微光股份,2026-09-16
002803,吉宏股份,2026-09-16
002805,丰元股份,2026-09-16
002810,山东赫达,2026-09-16
002811,郑中设计,2026-09-16
002813,路畅科技,2026-09-16
002819,东方中科,2026-09-16
002823,凯中精密,2026-09-16
002824,和胜股份,2026-09-16
002825,纳尔股份,2026-09-16
002826,易明医药,2026-09-16
002829,星网宇达,2026-09-16
002833,弘亚数控,2026-09-16
002835,同为股份,2026-09-16
002842,翔鹭钨业,2026-09-16
002843,泰嘉股份,2026-09-16
002845,同兴达,2026-09-16
002846,英联股份,2026-09-16
002849,威星智能,2026-09-16
002852,道道全,2026-09-16
002860,星帅尔,2026-09-16
002862,实丰文化,2026-09-16
002863,今飞凯达,2026-09-16
002864,盘龙药业,2026-09-16
002866,传艺科技,2026-09-16
002869,金溢科技,2026-09-16
002870,香山股份,2026-09-16
002871,伟隆股份,2026-09-16
002875,安奈儿,2026-09-16
002876,三利谱,2026-09-16
002877,智能自控,2026-09-16
002878,元隆雅图,2026-09-16
002879,长缆科技,2026-09-16
002884,凌霄泵业,2026-09-16
002885,京泉华,2026-09-16
002886,沃特股份,2026-09-16
002889,东方嘉盛,2026-09-16
002893,京能热力,2026-09-16
002899,英派斯,2026-09-16
002900,哈三联,2026-09-16
002902,铭普光磁,2026-09-16
002903,宇环数控,2026-09-16
002905,金逸影视,2026-09-16
002907,华森制药,2026-09-16
002908,德生科技,2026-09-16
002912,中新赛克,2026-09-16
002915,中欣氟材,2026-09-16
002917,金奥博,2026-09-16
002918,蒙娜丽莎,2026-09-16
002919,名臣健康,2026-09-16
002923,润都股份,2026-09-16
002927,泰永长征,2026-09-16
002930,宏川智慧,2026-09-16
002931,锋龙股份,2026-09-16
002933,新兴装备,2026-09-16
002935,天奥电子,2026-09-16
002937,兴瑞科技,2026-09-16
002940,昂利康,2026-09-16
002943,宇晶股份,2026-09-16
002950,奥美医疗,2026-09-16
002952,亚世光电,2026-09-16
002953,日丰股份,2026-09-16
002955,鸿合科技,2026-09-16
002956,西麦食品,2026-09-16
002957,科瑞技术,2026-09-16
002959,小熊电器,2026-09-16
002962,五方光电,2026-09-16
002969,嘉美包装,2026-09-16
002970,锐明技术,2026-09-16
002971,和远气体,2026-09-16
002973,侨银股份,2026-09-16
002975,博杰股份,2026-09-16
002976,瑞玛精密,2026-09-16
002980,华盛昌,2026-09-16
002981,朝阳科技,2026-09-16
002982,湘佳股份,2026-09-16
002983,芯瑞达,2026-09-16
002986,宇新股份,2026-09-16
002988,豪美新材,2026-09-16
002989,中天精装,2026-09-16
002990,盛视科技,2026-09-16
002991,甘源食品,2026-09-16
002995,天地在线,2026-09-16
002996,顺博合金,2026-09-16
002997,瑞鹄模具,2026-09-16
003000,劲仔食品,2026-09-16
003001,中岩大地,2026-09-16
003002,壶化股份,2026-09-16
003005,竞业达,2026-09-16
003007,直真科技,2026-09-16
003009,中天火箭,2026-09-16
003012,东鹏控股,2026-09-16
003015,日久光电,2026-09-16
003016,欣贺股份,2026-09-16
003018,金富科技,2026-09-16
003019,宸展光电,2026-09-16
003020,立方制药,2026-09-16
003025,思进智能,2026-09-16
003026,中晶科技,2026-09-16
003029,吉大正元,2026-09-16
003033,征和工业,2026-09-16
003036,泰坦股份,2026-09-16
003037,三和管桩,2026-09-16
003038,鑫铂股份,2026-09-16
003040,楚天龙,2026-09-16
003041,真爱美家,2026-09-16
003043,华亚智能,2026-09-16
300004,南风股份,2026-09-16
300005,探路者,2026-09-16
300011,鼎汉技术,2026-09-16
300016,北陆药业,2026-09-16
300018,中元股份,2026-09-16
300019,硅宝科技,2026-09-16
300021,大禹节水,2026-09-16
300022,吉峰科技,2026-09-16
300025,华星创业,2026-09-16
300032,金龙机电,2026-09-16
300039,上海凯宝,2026-09-16
300040,九洲集团,2026-09-16
300041,回天新材,2026-09-16
300042,朗科科技,2026-09-16
300043,星辉娱乐,2026-09-16
300046,台基股份,2026-09-16
300048,合康新能,2026-09-16
300050,世纪鼎利,2026-09-16
300053,航宇微,2026-09-16
300055,万邦达,2026-09-16
300056,中创环保,2026-09-16
300057,万顺新材,2026-09-16
300061,旗天科技,2026-09-16
300062,中能电气,2026-09-16
300063,天龙集团,2026-09-16
300066,三川智慧,2026-09-16
300067,安诺其,2026-09-16
300071,福石控股,2026-09-16
300079,数码视讯,2026-09-16
300086,康芝药业,2026-09-16
300092,科新机电,2026-09-16
300094,国联水产,2026-09-16
300095,华伍股份,2026-09-16
300099,尤洛卡,2026-09-16
300105,龙源技术,2026-09-16
300107,建新股份,2026-09-16
300110,华仁药业,2026-09-16
300111,向日葵,2026-09-16
300120,经纬辉开,2026-09-16
300121,阳谷华泰,2026-09-16
300129,泰胜风能,2026-09-16
300132,诺斯贝尔,2026-09-16
300135,宝利国际,2026-09-16
300138,晨光生物,2026-09-16
300139,晓程科技,2026-09-16
300143,盈康生命,2026-09-16
300145,南方泵业,2026-09-16
300148,天舟文化,2026-09-16
300149,睿智医药,2026-09-16
300150,世纪瑞尔,2026-09-16
300151,昌红科技,2026-09-16
300160,秀强股份,2026-09-16
300161,华中数控,2026-09-16
300162,雷曼光电,2026-09-16
300164,通源石油,2026-09-16
300172,中电环保,2026-09-16
300174,元力股份,2026-09-16
300179,四方达,2026-09-16
300189,神农种业,2026-09-16
300191,潜能恒信,2026-09-16
300192,科德教育,2026-09-16
300193,佳士科技,2026-09-16
300194,福安药业,2026-09-16
300195,长荣股份,2026-09-16
300196,长海股份,2026-09-16
300200,高盟新材,2026-09-16
300201,海伦哲,2026-09-16
300203,聚光科技,2026-09-16
300206,理邦仪器,2026-09-16
300210,森远股份,2026-09-16
300213,佳讯飞鸿,2026-09-16
300215,电科院,2026-09-16
300217,东方电热,2026-09-16
300218,安利股份,2026-09-16
300219,鸿利智汇,2026-09-16
300221,银禧科技,2026-09-16
300222,科大智能,2026-09-16
300227,光韵达,2026-09-16
300228,富瑞特装,2026-09-16
300230,永利股份,2026-09-16
300231,银信科技,2026-09-16
300232,洲明科技,2026-09-16
300235,方直科技,2026-09-16
300238,冠昊生物,2026-09-16
300239,东宝生物,2026-09-16
300240,飞力达,2026-09-16
300241,瑞丰光电,2026-09-16
300247,融捷健康,2026-09-16
300248,新开普,2026-09-16
300249,依米康,2026-09-16
300250,初灵信息,2026-09-16
300252,金信诺,2026-09-16
300258,精锻科技,2026-09-16
300259,新天科技,2026-09-16
300263,隆华科技,2026-09-16
300264,佳创视讯,2026-09-16
300265,通光线缆,2026-09-16
300267,尔康制药,2026-09-16
300272,开能健康,2026-09-16
300275,梅安森,2026-09-16
300277,汽轮科技,2026-09-16
300278,华昌达,2026-09-16
300279,和晶科技,2026-09-16
300283,温州宏丰,2026-09-16
300286,安科瑞,2026-09-16
300288,朗玛信息,2026-09-16
300291,百纳千成,2026-09-16
300292,吴通控股,2026-09-16
300293,蓝英装备,2026-09-16
300299,富春股份,2026-09-16
300302,同有科技,2026-09-16
300304,云意电气,2026-09-16
300306,远方信息,2026-09-16
300307,慈星股份,2026-09-16
300310,宜通世纪,2026-09-16
300314,戴维医疗,2026-09-16
300317,珈伟新能,2026-09-16
300318,博晖创新,2026-09-16
300320,海达股份,2026-09-16
300328,宜安科技,2026-09-16
300331,苏大维格,2026-09-16
300332,天壕能源,2026-09-16
300335,迪森股份,2026-09-16
300340,科恒股份,2026-09-16
300345,华民股份,2026-09-16
300349,金卡智能,2026-09-16
300350,华鹏飞,2026-09-16
300351,永贵电器,2026-09-16
300354,东华测试,2026-09-16
300355,蒙草生态,2026-09-16
300358,楚天科技,2026-09-16
300359,全通教育,2026-09-16
300365,恒华科技,2026-09-16
300374,中铁装配,2026-09-16
300375,鹏翎股份,2026-09-16
300380,安硕信息,2026-09-16
300381,溢多利,2026-09-16
300382,斯莱克,2026-09-16
300384,三联虹普,2026-09-16
300386,飞天诚信,2026-09-16
300388,节能国祯,2026-09-16
300389,艾比森,2026-09-16
300399,天利科技,2026-09-16
300400,劲拓股份,2026-09-16
300401,花园生物,2026-09-16
300402,宝色股份,2026-09-16
300403,汉宇集团,2026-09-16
300404,博济医药,2026-09-16
300406,九强生物,2026-09-16
300407,凯发电气,2026-09-16
300411,金盾股份,2026-09-16
300414,中光防雷,2026-09-16
300420,五洋自控,2026-09-16
300421,力星股份,2026-09-16
300423,昇辉科技,2026-09-16
300424,航新科技,2026-09-16
300426,华智数媒,2026-09-16
300427,红相股份,2026-09-16
300429,强力新材,2026-09-16
300434,金石亚药,2026-09-16
300435,中泰股份,2026-09-16
300440,运达科技,2026-09-16
300441,鲍斯股份,2026-09-16
300444,双杰电气,2026-09-16
300445,康斯特,2026-09-16
300447,全信股份,2026-09-16
300448,浩云科技,2026-09-16
300452,山河药辅,2026-09-16
300453,三鑫医疗,2026-09-16
300461,田中精机,2026-09-16
300465,高伟达,2026-09-16
300466,赛摩智能,2026-09-16
300467,迅游科技,2026-09-16
300470,中密控股,2026-09-16
300471,厚普股份,2026-09-16
300473,德尔股份,2026-09-16
300479,神思电子,2026-09-16
300480,光力科技,2026-09-16
300481,濮阳惠成,2026-09-16
300483,首华燃气,2026-09-16
300484,蓝海华腾,2026-09-16
300485,赛升药业,2026-09-16
300486,东杰智能,2026-09-16
300488,恒锋工具,2026-09-16
300489,光智科技,2026-09-16
300490,华自科技,2026-09-16
300491,通合科技,2026-09-16
300494,盛天网络,2026-09-16
300499,高澜股份,2026-09-16
300501,海顺新材,2026-09-16
300504,天邑股份,2026-09-16
300505,川金诺,2026-09-16
300507,苏奥传感,2026-09-16
300508,维宏股份,2026-09-16
300510,金冠股份,2026-09-16
300511,雪榕生物,2026-09-16
300512,中亚股份,2026-09-16
300513,恒实科技,2026-09-16
300515,三德科技,2026-09-16
300516,久之洋,2026-09-16
300520,科大国创,2026-09-16
300522,世名科技,2026-09-16
300523,辰安科技,2026-09-16
300531,优博讯,2026-09-16
300532,今天国际,2026-09-16
300533,冰川网络,2026-09-16
300534,陇神戎发,2026-09-16
300537,广信材料,2026-09-16
300538,同益股份,2026-09-16
300539,横河精密,2026-09-16
300540,蜀道装备,2026-09-16
300541,先进数通,2026-09-16
300542,新晨科技,2026-09-16
300543,朗科智能,2026-09-16
300545,联得装备,2026-09-16
300546,雄帝科技,2026-09-16
300547,川环科技,2026-09-16
300550,和仁科技,2026-09-16
300551,古鳌科技,2026-09-16
300553,集智股份,2026-09-16
300557,理工光科,2026-09-16
300559,佳发教育,2026-09-16
300560,中富通,2026-09-16
300562,乐心股份,2026-09-16
300563,神宇股份,2026-09-16
300565,科信技术,2026-09-16
300566,激智科技,2026-09-16
300569,天能重工,2026-09-16
300571,平治信息,2026-09-16
300572,安车检测,2026-09-16
300575,中旗股份,2026-09-16
300578,会畅科技,2026-09-16
300581,晨曦航空,2026-09-16
300582,英飞特,2026-09-16
300584,海辰药业,2026-09-16
300586,美联新材,2026-09-16
300587,天铁科技,2026-09-16
300589,江龙船艇,2026-09-16
300590,移为通信,2026-09-16
300592,华凯易佰,2026-09-16
300596,利安隆,2026-09-16
300603,立昂技术,2026-09-16
300606,金太阳,2026-09-16
300608,思特奇,2026-09-16
300611,美力科技,2026-09-16
300612,宣亚国际,2026-09-16
300616,尚品宅配,2026-09-16
300617,安靠智电,2026-09-16
300619,金银河,2026-09-16
300622,博士眼镜,2026-09-16
300629,新劲刚,2026-09-16
300631,久吾高科,2026-09-16
300632,光莆股份,2026-09-16
300636,同和药业,2026-09-16
300639,凯普生物,2026-09-16
300643,万通智控,2026-09-16
300644,南京聚隆,2026-09-16
300647,超频三,2026-09-16
300648,星云股份,2026-09-16
300650,太龙股份,2026-09-16
300652,雷迪克,2026-09-16
300654,世纪天鸿,2026-09-16
300656,民德电子,2026-09-16
300658,延江股份,2026-09-16
300662,科锐国际,2026-09-16
300664,鹏鹞环保,2026-09-16
300667,必创科技,2026-09-16
300673,佩蒂股份,2026-09-16
300681,英搏尔,2026-09-16
300683,海特生物,2026-09-16
300688,创业黑马,2026-09-16
300689,澄天伟业,2026-09-16
300690,双一科技,2026-09-16
300691,联合光电,2026-09-16
300692,中赋科技,2026-09-16
300695,兆丰股份,2026-09-16
300696,爱乐达,2026-09-16
300697,电工合金,2026-09-16
300698,万马科技,2026-09-16
300700,岱勒新材,2026-09-16
300701,森霸传感,2026-09-16
300703,创源股份,2026-09-16
300705,九典制药,2026-09-16
300706,阿石创,2026-09-16
300708,聚灿光电,2026-09-16
300709,精研科技,2026-09-16
300711,广哈通信,2026-09-16
300712,永福股份,2026-09-16
300715,凯伦股份,2026-09-16
300719,安达维尔,2026-09-16
300720,海川智能,2026-09-16
300722,新余国科,2026-09-16
300727,润禾材料,2026-09-16
300729,乐歌股份,2026-09-16
300731,科创新源,2026-09-16
300733,西菱动力,2026-09-16
300739,明阳电路,2026-09-16
300740,水羊股份,2026-09-16
300741,华宝股份,2026-09-16
300745,欣锐科技,2026-09-16
300746,汉嘉数智,2026-09-16
300752,隆利科技,2026-09-16
300756,金马游乐,2026-09-16
300758,七彩化学,2026-09-16
300771,智莱科技,2026-09-16
300774,倍杰特,2026-09-16
300781,因赛集团,2026-09-16
300785,值得买,2026-09-16
300786,国林科技,2026-09-16
300787,海能实业,2026-09-16
300788,中信出版,2026-09-16
300789,唐源电气,2026-09-16
300790,宇瞳光学,2026-09-16
300791,仙乐健康,2026-09-16
300792,壹网壹创,2026-09-16
300793,佳禾智能,2026-09-16
300797,钢研纳克,2026-09-16
300798,锦鸡股份,2026-09-16
300801,泰和科技,2026-09-16
300802,矩子科技,2026-09-16
300805,电声股份,2026-09-16
300812,易天股份,2026-09-16
300815,玉禾田,2026-09-16
300816,艾可蓝,2026-09-16
300817,双飞集团,2026-09-16
300818,耐普矿机,2026-09-16
300819,聚杰微纤,2026-09-16
300822,贝仕达克,2026-09-16
300824,北鼎股份,2026-09-16
300825,阿尔特,2026-09-16
300828,锐新科技,2026-09-16
300829,金丹科技,2026-09-16
300830,金现代,2026-09-16
300834,星辉环材,2026-09-16
300835,龙磁科技,2026-09-16
300836,佰奥智能,2026-09-16
300840,酷特智能,2026-09-16
300842,帝科股份,2026-09-16
300843,胜蓝股份,2026-09-16
300847,中船汉光,2026-09-16
300848,美瑞新材,2026-09-16
300852,四会富仕,2026-09-16
300853,申昊科技,2026-09-16
300856,科思股份,2026-09-16
300858,科拓生物,2026-09-16
300859,西域旅游,2026-09-16
300862,蓝盾光电,2026-09-16
300863,卡倍亿,2026-09-16
300867,圣元环保,2026-09-16
300869,康泰医学,2026-09-16
300871,回盛生物,2026-09-16
300873,海晨股份,2026-09-16
300875,捷强装备,2026-09-16
300879,大叶股份,2026-09-16
300880,迦南智能,2026-09-16
300881,盛德鑫泰,2026-09-16
300882,万胜智能,2026-09-16
300884,狄耐克,2026-09-16
300885,海昌新材,2026-09-16
300890,翔丰华,2026-09-16
300891,惠云钛业,2026-09-16
300892,品渥食品,2026-09-16
300893,松原安全,2026-09-16
300895,铜牛信息,2026-09-16
300897,山科智能,2026-09-16
300898,熊猫乳品,2026-09-16
300900,广联航空,2026-09-16
300902,国安达,2026-09-16
300903,科翔股份,2026-09-16
300904,威力传动,2026-09-16
300905,宝丽迪,2026-09-16
300909,汇创达,2026-09-16
300911,亿田智能,2026-09-16
300916,朗特智能,2026-09-16
300917,特发服务,2026-09-16
300918,南山智尚,2026-09-16
300920,润阳科技,2026-09-16
300921,南凌科技,2026-09-16
300922,天秦装备,2026-09-16
300927,江天化学,2026-09-16
300930,屹通新材,2026-09-16
300932,三友联众,2026-09-16
300933,中辰股份,2026-09-16
300936,中英科技,2026-09-16
300937,药易购,2026-09-16
300938,信测标准,2026-09-16
300939,秋田微,2026-09-16
300940,南极光,2026-09-16
300941,创识科技,2026-09-16
300943,春晖智控,2026-09-16
300945,曼卡龙,2026-09-16
300946,恒而达,2026-09-16
300947,德必集团,2026-09-16
300950,德固特,2026-09-16
300951,博硕科技,2026-09-16
300952,恒辉安防,2026-09-16
300956,英力股份,2026-09-16
300959,线上线下,2026-09-16
300960,通业科技,2026-09-16
300962,中金辐照,2026-09-16
300963,中洲特材,2026-09-16
300964,本川智能,2026-09-16
300967,晓鸣股份,2026-09-16
300968,格林精密,2026-09-16
300973,立高食品,2026-09-16
300975,商络电子,2026-09-16
300976,达瑞电子,2026-09-16
300978,东箭科技,2026-09-16
300980,祥源新材,2026-09-16
300982,苏文电能,2026-09-16
300984,金沃股份,2026-09-16
300985,致远新能,2026-09-16
300986,志特新材,2026-09-16
300987,川网传媒,2026-09-16
300988,津荣天宇,2026-09-16
300989,蕾奥规划,2026-09-16
300991,创益通,2026-09-16
300993,玉马科技,2026-09-16
300994,久祺股份,2026-09-16
300995,奇德新材,2026-09-16
300996,普联软件,2026-09-16
300997,欢乐家,2026-09-16
301003,江苏博云,2026-09-16
301007,德迈仕,2026-09-16
301008,宏昌科技,2026-09-16
301009,可靠股份,2026-09-16
301011,华立科技,2026-09-16
301012,扬电科技,2026-09-16
301013,利和兴,2026-09-16
301016,雷尔伟,2026-09-16
301017,漱玉平民,2026-09-16
301021,英诺激光,2026-09-16
301023,奕帆传动,2026-09-16
301025,读客文化,2026-09-16
301026,浩通科技,2026-09-16
301028,鼎熔岩,2026-09-16
301032,新柴股份,2026-09-16
301033,迈普医学,2026-09-16
301036,双乐股份,2026-09-16
301038,深水规院,2026-09-16
301041,金百泽,2026-09-16
301042,安联锐视,2026-09-16
301046,能辉科技,2026-09-16
301048,金鹰重工,2026-09-16
301051,信濠光电,2026-09-16
301052,果麦文化,2026-09-16
301058,中粮科工,2026-09-16
301060,兰卫医学,2026-09-16
301062,上海艾录,2026-09-16
301066,万事利,2026-09-16
301067,显盈科技,2026-09-16
301069,凯盛新材,2026-09-16
301070,开勒股份,2026-09-16
301073,君亭酒店,2026-09-16
301076,新瀚新材,2026-09-16
301077,星华新材,2026-09-16
301079,邵阳液压,2026-09-16
301080,百普赛斯,2026-09-16
301082,久盛电气,2026-09-16
301083,百胜智能,2026-09-16
301085,亚康股份,2026-09-16
301086,鸿富瀚,2026-09-16
301092,争光股份,2026-09-16
301093,华兰股份,2026-09-16
301096,百诚医药,2026-09-16
301099,雅创电子,2026-09-16
301110,青木科技,2026-09-16
301111,粤万年青,2026-09-16
301112,信邦智能,2026-09-16
301116,益客食品,2026-09-16
301119,正强股份,2026-09-16
301120,新特电气,2026-09-16
301121,紫建电子,2026-09-16
301122,采纳股份,2026-09-16
301123,奕东电子,2026-09-16
301128,强瑞技术,2026-09-16
301129,瑞纳智能,2026-09-16
301132,满坤科技,2026-09-16
301135,瑞德智能,2026-09-16
301136,招标股份,2026-09-16
301137,哈焊华通,2026-09-16
301138,华研精机,2026-09-16
301141,中科磁业,2026-09-16
301148,嘉戎技术,2026-09-16
301149,隆华新材,2026-09-16
301150,中一科技,2026-09-16
301151,冠龙节能,2026-09-16
301152,天力锂能,2026-09-16
301157,华塑科技,2026-09-16
301159,三维天地,2026-09-16
301160,翔楼新材,2026-09-16
301161,唯万密封,2026-09-16
301162,国能日新,2026-09-16
301168,通灵股份,2026-09-16
301169,零点有数,2026-09-16
301172,君逸数码,2026-09-16
301176,逸豪新材,2026-09-16
301178,天亿马,2026-09-16
301179,泽宇智能,2026-09-16
301181,标榜股份,2026-09-16
301183,东田微,2026-09-16
301185,鸥玛软件,2026-09-16
301186,超达装备,2026-09-16
301187,欧圣电气,2026-09-16
301188,力诺药包,2026-09-16
301190,善水科技,2026-09-16
301191,菲菱科思,2026-09-16
301199,迈赫股份,2026-09-16
301201,诚达药业,2026-09-16
301202,朗威股份,2026-09-16
301206,三元生物,2026-09-16
301208,中亦科技,2026-09-16
301209,联合化学,2026-09-16
301210,金杨精密,2026-09-16
301211,亨迪药业,2026-09-16
301213,观想科技,2026-09-16
301220,亚香股份,2026-09-16
301221,光庭信息,2026-09-16
301226,祥明智能,2026-09-16
301229,纽泰格,2026-09-16
301230,泓博医药,2026-09-16
301235,华康洁净,2026-09-16
301239,普瑞眼科,2026-09-16
301246,宏源药业,2026-09-16
301248,杰创智能,2026-09-16
301251,威尔高,2026-09-16
301252,同星科技,2026-09-16
301255,通力科技,2026-09-16
301256,华融化学,2026-09-16
301257,普蕊斯,2026-09-16
301258,富士莱,2026-09-16
301259,艾布鲁,2026-09-16
301260,格力博,2026-09-16
301261,恒工精密,2026-09-16
301265,华新科技,2026-09-16
301266,宇邦新材,2026-09-16
301270,汉仪股份,2026-09-16
301277,新天地,2026-09-16
301279,金道科技,2026-09-16
301280,珠城科技,2026-09-16
301281,科源制药,2026-09-16
301282,金禄电子,2026-09-16
301283,聚胶股份,2026-09-16
301285,鸿日达,2026-09-16
301289,国缆检测,2026-09-16
301292,海科新源,2026-09-16
301299,卓创资讯,2026-09-16
301302,华如科技,2026-09-16
301303,真兰仪表,2026-09-16
301305,朗坤科技,2026-09-16
301306,西测测试,2026-09-16
301307,美利信,2026-09-16
301310,鑫宏业,2026-09-16
301311,昆船智能,2026-09-16
301312,智立方,2026-09-16
301313,凡拓数创,2026-09-16
301315,威士顿,2026-09-16
301318,维海德,2026-09-16
301319,唯特偶,2026-09-16
301320,豪江智能,2026-09-16
301322,绿通科技,2026-09-16
301323,新莱福,2026-09-16
301326,捷邦科技,2026-09-16
301328,维峰电子,2026-09-16
301329,信音电子,2026-09-16
301330,熵基科技,2026-09-16
301333,诺思格,2026-09-16
301335,天元宠物,2026-09-16
301337,亚华电子,2026-09-16
301338,凯格精机,2026-09-16
301348,蓝箭电子,2026-09-16
301349,信德新材,2026-09-16
301357,北方长龙,2026-09-16
301360,荣旗科技,2026-09-16
301361,众智科技,2026-09-16
301362,民爆光电,2026-09-16
301365,矩阵股份,2026-09-16
301366,一博科技,2026-09-16
301367,瑞迈特,2026-09-16
301368,丰立智能,2026-09-16
301369,联动科技,2026-09-16
301370,国科恒泰,2026-09-16
301373,凌玮科技,2026-09-16
301378,通达海,2026-09-16
301379,天山电子,2026-09-16
301380,挖金客,2026-09-16
301382,蜂助手,2026-09-16
301383,天键股份,2026-09-16
301386,未来电器,2026-09-16
301387,光大同创,2026-09-16
301388,欣灵电气,2026-09-16
301391,卡莱特,2026-09-16
301393,昊帆生物,2026-09-16
301397,溯联股份,2026-09-16
301398,星源卓镁,2026-09-16
301399,英特科技,2026-09-16
301408,华人健康,2026-09-16
301419,阿莱德,2026-09-16
301428,世纪恒通,2026-09-16
301439,泓淋电力,2026-09-16
301449,天溯计量,2026-09-16
301456,盘古智能,2026-09-16
301459,丰茂股份,2026-09-16
301468,博盈特焊,2026-09-16
301479,弘景光电,2026-09-16
301491,汉桑科技,2026-09-16
301499,维科精密,2026-09-16
301501,恒鑫生活,2026-09-16
301507,民生健康,2026-09-16
301508,中机认检,2026-09-16
301509,金凯生科,2026-09-16
301516,中远通,2026-09-16
301517,陕西华达,2026-09-16
301518,长华化学,2026-09-16
301525,儒竞科技,2026-09-16
301528,多浦乐,2026-09-16
301529,福赛科技,2026-09-16
301533,威马农机,2026-09-16
301535,浙江华远,2026-09-16
301538,骏鼎达,2026-09-16
301548,崇德科技,2026-09-16
301557,常友科技,2026-09-16
301558,三态股份,2026-09-16
301559,中集环科,2026-09-16
301560,众捷股份,2026-09-16
301566,达利凯普,2026-09-16
301567,贝隆精密,2026-09-16
301568,思泰克,2026-09-16
301575,艾芬达,2026-09-16
301580,爱迪特,2026-09-16
301586,佳力奇,2026-09-16
301587,中瑞股份,2026-09-16
301590,优优绿能,2026-09-16
301591,肯特股份,2026-09-16
301595,太力科技,2026-09-16
301596,瑞迪智驱,2026-09-16
301603,乔锋智能,2026-09-16
301607,富特科技,2026-09-16
301608,博实结,2026-09-16
301609,山大电力,2026-09-16
301613,新铝时代,2026-09-16
301616,浙江华业,2026-09-16
301617,博苑新材,2026-09-16
301628,强达电路,2026-09-16
301629,矽电股份,2026-09-16
301630,同宇新材,2026-09-16
301636,泽润新能,2026-09-16
301667,纳百川,2026-09-16
301668,昊创瑞通,2026-09-16
301687,新广益,2026-09-16
600020,中原高速,2026-09-16
600052,东望时代,2026-09-16
600054,黄山旅游,2026-09-16
600067,冠城新材,2026-09-16
600071,凤凰光学,2026-09-16
600073,光明肉业,2026-09-16
600081,东风科技,2026-09-16
600088,中视传媒,2026-09-16
600101,明星电力,2026-09-16
600103,青山纸业,2026-09-16
600106,重庆路桥,2026-09-16
600108,亚盛集团,2026-09-16
600121,郑州煤电,2026-09-16
600125,铁龙物流,2026-09-16
600127,金健米业,2026-09-16
600135,乐凯胶片,2026-09-16
600138,中青旅,2026-09-16
600152,维科技术,2026-09-16
600162,香江控股,2026-09-16
600168,武汉控股,2026-09-16
600173,卧龙新能,2026-09-16
600178,东安动力,2026-09-16
600189,泉阳泉,2026-09-16
600191,华资实业,2026-09-16
600195,中牧股份,2026-09-16
600197,伊力特,2026-09-16
600203,福日电子,2026-09-16
600207,安彩高科,2026-09-16
600212,绿能慧充,2026-09-16
600215,派斯林,2026-09-16
600218,全柴动力,2026-09-16
600222,太龙药业,2026-09-16
600223,福瑞达,2026-09-16
600230,沧州大化,2026-09-16
600237,铜峰电子,2026-09-16
600249,两面针,2026-09-16
600250,南京商旅,2026-09-16
600251,冠农股份,2026-09-16
600255,鑫科材料,2026-09-16
600261,阳光照明,2026-09-16
600262,北方股份,2026-09-16
600278,东方创业,2026-09-16
600279,重庆港,2026-09-16
600280,中央商场,2026-09-16
600284,浦东建设,2026-09-16
600288,大恒科技,2026-09-16
600293,三峡新材,2026-09-16
600300,维维股份,2026-09-16
600310,广西能源,2026-09-16
600313,农发种业,2026-09-16
600318,新力金融,2026-09-16
600327,大东方,2026-09-16
600336,澳柯玛,2026-09-16
600351,亚宝药业,2026-09-16
600354,敦煌种业,2026-09-16
600367,红星发展,2026-09-16
600368,五洲交通,2026-09-16
600379,宝光股份,2026-09-16
600382,广东明珠,2026-09-16
600396,华电辽能,2026-09-16
600397,江钨装备,2026-09-16
600400,红豆股份,2026-09-16
600405,动力源,2026-09-16
600419,天润乳业,2026-09-16
600425,青松建化,2026-09-16
600429,三元股份,2026-09-16
600433,冠豪高新,2026-09-16
600449,宁夏建材,2026-09-16
600467,好当家,2026-09-16
600468,百利电气,2026-09-16
600469,风神股份,2026-09-16
600470,六国化工,2026-09-16
600477,杭萧钢构,2026-09-16
600479,千金药业,2026-09-16
600488,津药药业,2026-09-16
600495,晋西车轴,2026-09-16
600496,精工钢构,2026-09-16
600501,航天晨光,2026-09-16
600503,华丽家族,2026-09-16
600505,西昌电力,2026-09-16
600506,统一股份,2026-09-16
600510,黑牡丹,2026-09-16
600512,腾达建设,2026-09-16
600513,联环药业,2026-09-16
600520,三佳科技,2026-09-16
600523,贵航股份,2026-09-16
600526,菲达环保,2026-09-16
600527,江南高纤,2026-09-16
600545,卓郎智能,2026-09-16
600551,时代出版,2026-09-16
600558,大西洋,2026-09-16
600569,安阳钢铁,2026-09-16
600571,信雅达,2026-09-16
600576,祥源文旅,2026-09-16
600590,泰豪科技,2026-09-16
600592,龙溪股份,2026-09-16
600593,大连圣亚,2026-09-16
600594,益佰制药,2026-09-16
600603,广汇物流,2026-09-16
600605,汇通能源,2026-09-16
600609,金杯汽车,2026-09-16
600610,中毅达,2026-09-16
600613,神奇制药,2026-09-16
600616,金枫酒业,2026-09-16
600617,国新能源,2026-09-16
600620,天宸股份,2026-09-16
600622,光大嘉宝,2026-09-16
600626,申达股份,2026-09-16
600628,新世界,2026-09-16
600630,龙头股份,2026-09-16
600638,新黄浦,2026-09-16
600644,乐山电力,2026-09-16
600650,锦江在线,2026-09-16
600653,申华控股,2026-09-16
600658,电子城,2026-09-16
600661,昂立教育,2026-09-16
600668,尖峰集团,2026-09-16
600679,上海凤凰,2026-09-16
600681,百川能源,2026-09-16
600684,珠江股份,2026-09-16
600693,东百集团,2026-09-16
600694,大商股份,2026-09-16
600698,湖南天雁,2026-09-16
600708,光明地产,2026-09-16
600713,南京医药,2026-09-16
600714,金瑞矿业,2026-09-16
600721,百花医药,2026-09-16
600722,金牛化工,2026-09-16
600724,宁波富达,2026-09-16
600727,鲁北化工,2026-09-16
600731,湖南海利,2026-09-16
600736,苏州高新,2026-09-16
600738,丽尚国潮,2026-09-16
600742,富维股份,2026-09-16
600749,西藏旅游,2026-09-16
600756,浪潮软件,2026-09-16
600758,辽宁能源,2026-09-16
600769,祥龙电业,2026-09-16
600780,通宝能源,2026-09-16
600784,鲁银投资,2026-09-16
600785,新华百货,2026-09-16
600792,云煤能源,2026-09-16
600793,宜宾纸业,2026-09-16
600794,保税科技,2026-09-16
600796,钱江生化,2026-09-16
600798,宁波海运,2026-09-16
600805,悦达投资,2026-09-16
600814,杭州解百,2026-09-16
600819,耀皮玻璃,2026-09-16
600822,上海物贸,2026-09-16
600824,益民集团,2026-09-16
600825,新华传媒,2026-09-16
600826,兰生股份,2026-09-16
600828,茂业商业,2026-09-16
600829,人民同泰,2026-09-16
600830,香溢融通,2026-09-16
600833,第一医药,2026-09-16
600838,上海九百,2026-09-16
600843,上工申贝,2026-09-16
600846,同济科技,2026-09-16
600851,海欣股份,2026-09-16
600853,龙建股份,2026-09-16
600855,航天长峰,2026-09-16
600858,银座股份,2026-09-16
600860,京城股份,2026-09-16
600861,北京人力,2026-09-16
600865,百大集团,2026-09-16
600868,梅雁吉祥,2026-09-16
600874,创业环保,2026-09-16
600880,博瑞传播,2026-09-16
600894,广日股份,2026-09-16
600897,厦门空港,2026-09-16
600903,贵州燃气,2026-09-16
600939,重庆建工,2026-09-16
600960,渤海汽车,2026-09-16
600962,国投中鲁,2026-09-16
600966,博汇纸业,2026-09-16
600973,宝胜股份,2026-09-16
600976,健民集团,2026-09-16
600979,广安爱众,2026-09-16
600980,北矿科技,2026-09-16
600981,苏豪汇鸿,2026-09-16
600982,宁波能源,2026-09-16
600987,航民股份,2026-09-16
600992,贵绳股份,2026-09-16
601002,晋亿实业,2026-09-16
601007,金陵饭店,2026-09-16
601008,连云港,2026-09-16
601086,国芳集团,2026-09-16
601113,华鼎股份,2026-09-16
601116,三江购物,2026-09-16
601121,宝地矿业,2026-09-16
601133,柏诚股份,2026-09-16
601163,三角轮胎,2026-09-16
601177,杭齿前进,2026-09-16
601188,龙江交通,2026-09-16
601218,吉鑫科技,2026-09-16
601226,华电科工,2026-09-16
601330,绿色动力,2026-09-16
601339,百隆东方,2026-09-16
601388,怡球资源,2026-09-16
601500,通用股份,2026-09-16
601566,九牧王,2026-09-16
601579,会稽山,2026-09-16
601588,北辰实业,2026-09-16
601599,浙文影业,2026-09-16
601616,广电电气,2026-09-16
601686,友发集团,2026-09-16
601700,风范股份,2026-09-16
601789,宁波建工,2026-09-16
601798,蓝科高新,2026-09-16
601886,江河集团,2026-09-16
601929,吉视传媒,2026-09-16
601956,东贝集团,2026-09-16
601968,宝钢包装,2026-09-16
603002,宏昌电子,2026-09-16
603004,鼎龙科技,2026-09-16
603006,联明股份,2026-09-16
603011,合锻智能,2026-09-16
603012,创力集团,2026-09-16
603015,弘讯科技,2026-09-16
603016,新宏泰,2026-09-16
603018,华设集团,2026-09-16
603020,爱普股份,2026-09-16
603031,安孚科技,2026-09-16
603032,德新科技,2026-09-16
603035,常熟汽饰,2026-09-16
603036,如通股份,2026-09-16
603037,凯众股份,2026-09-16
603038,华立股份,2026-09-16
603040,新坐标,2026-09-16
603050,科林电气,2026-09-16
603051,鹿山新材,2026-09-16
603052,可川科技,2026-09-16
603058,永吉股份,2026-09-16
603061,金海通,2026-09-16
603062,麦加芯彩,2026-09-16
603065,宿迁联盛,2026-09-16
603069,海汽集团,2026-09-16
603076,乐惠国际,2026-09-16
603078,江化微,2026-09-16
603081,大丰实业,2026-09-16
603082,北自科技,2026-09-16
603085,天成自控,2026-09-16
603086,先达股份,2026-09-16
603088,宁波精达,2026-09-16
603090,宏盛股份,2026-09-16
603095,越剑智能,2026-09-16
603097,江苏华辰,2026-09-16
603098,森特股份,2026-09-16
603101,汇嘉时代,2026-09-16
603105,芯能科技,2026-09-16
603106,恒银科技,2026-09-16
603109,神驰机电,2026-09-16
603110,东方材料,2026-09-16
603111,康尼机电,2026-09-16
603112,华翔股份,2026-09-16
603115,海星股份,2026-09-16
603117,万林物流,2026-09-16
603120,肯特催化,2026-09-16
603121,华培动力,2026-09-16
603122,合富中国,2026-09-16
603125,常青科技,2026-09-16
603126,中材节能,2026-09-16
603128,华贸物流,2026-09-16
603130,云中马,2026-09-16
603131,上海沪工,2026-09-16
603135,中重科技,2026-09-16
603136,天目湖,2026-09-16
603138,海量数据,2026-09-16
603150,万朗磁塑,2026-09-16
603151,邦基科技,2026-09-16
603155,新亚强,2026-09-16
603158,腾龙股份,2026-09-16
603163,圣晖集成,2026-09-16
603165,荣晟环保,2026-09-16
603167,渤海轮渡,2026-09-16
603168,莎普爱思,2026-09-16
603173,福斯达,2026-09-16
603178,圣龙股份,2026-09-16
603181,皇马科技,2026-09-16
603186,华正新材,2026-09-16
603187,海容冷链,2026-09-16
603191,望变电气,2026-09-16
603192,汇得科技,2026-09-16
603196,璞源材料,2026-09-16
603197,保隆科技,2026-09-16
603199,九华旅游,2026-09-16
603200,上海洗霸,2026-09-16
603203,快克智能,2026-09-16
603206,嘉环科技,2026-09-16
603207,小方制药,2026-09-16
603209,兴通股份,2026-09-16
603210,泰鸿万立,2026-09-16
603211,晋拓股份,2026-09-16
603215,比依股份,2026-09-16
603216,梦天家居,2026-09-16
603217,元利科技,2026-09-16
603222,济民健康,2026-09-16
603223,恒通股份,2026-09-16
603229,奥翔药业,2026-09-16
603232,格尔软件,2026-09-16
603239,浙江仙通,2026-09-16
603257,中国瑞林,2026-09-16
603258,电魂网络,2026-09-16
603266,天龙股份,2026-09-16
603269,海鸥股份,2026-09-16
603270,金帝股份,2026-09-16
603271,永杰新材,2026-09-16
603273,天元智能,2026-09-16
603275,众辰科技,2026-09-16
603278,大业股份,2026-09-16
603280,南方路机,2026-09-16
603281,江瀚新材,2026-09-16
603285,键邦股份,2026-09-16
603286,日盈电子,2026-09-16
603289,泰瑞机器,2026-09-16
603291,联合水务,2026-09-16
603309,维力医疗,2026-09-16
603312,西典新能,2026-09-16
603313,梦百合,2026-09-16
603315,福鞍股份,2026-09-16
603318,水发燃气,2026-09-16
603322,超讯科技,2026-09-16
603324,盛剑科技,2026-09-16
603325,博隆技术,2026-09-16
603330,天洋新材,2026-09-16
603333,福华尚纬,2026-09-16
603334,丰倍生物,2026-09-16
603336,宏辉果蔬,2026-09-16
603339,四方科技,2026-09-16
603344,星德胜,2026-09-16
603348,文灿股份,2026-09-16
603350,安乃达,2026-09-16
603352,至信股份,2026-09-16
603366,日出东方,2026-09-16
603367,辰欣药业,2026-09-16
603368,柳药集团,2026-09-16
603370,华新精科,2026-09-16
603373,安邦护卫,2026-09-16
603375,盛景微,2026-09-16
603380,易德龙,2026-09-16
603381,永臻股份,2026-09-16
603382,海阳科技,2026-09-16
603383,顶点软件,2026-09-16
603386,骏亚科技,2026-09-16
603387,基蛋生物,2026-09-16
603390,通达电气,2026-09-16
603391,力聚热能,2026-09-16
603396,金辰股份,2026-09-16
603399,永杉锂业,2026-09-16
603400,华之杰,2026-09-16
603416,信捷电气,2026-09-16
603421,鼎信通讯,2026-09-16
603439,三力制药,2026-09-16
603466,风语筑,2026-09-16
603489,八方股份,2026-09-16
603499,翔港科技,2026-09-16
603500,祥和实业,2026-09-16
603507,振江股份,2026-09-16
603518,锦泓集团,2026-09-16
603520,司太立,2026-09-16
603527,众源新材,2026-09-16
603528,多伦科技,2026-09-16
603535,嘉诚国际,2026-09-16
603538,美诺华,2026-09-16
603558,健盛集团,2026-09-16
603566,普莱柯,2026-09-16
603569,长久物流,2026-09-16
603577,汇金通,2026-09-16
603579,荣泰健康,2026-09-16
603585,苏利股份,2026-09-16
603586,金麒麟,2026-09-16
603590,康辰药业,2026-09-16
603598,引力传媒,2026-09-16
603600,永艺股份,2026-09-16
603601,再升科技,2026-09-16
603602,纵横通信,2026-09-16
603607,京华激光,2026-09-16
603608,天创时尚,2026-09-16
603610,麒盛科技,2026-09-16
603611,诺力股份,2026-09-16
603615,茶花股份,2026-09-16
603617,君禾股份,2026-09-16
603618,杭电股份,2026-09-16
603626,科森科技,2026-09-16
603628,清源股份,2026-09-16
603629,利通电子,2026-09-16
603630,拉芳家化,2026-09-16
603633,徕木股份,2026-09-16
603655,朗博科技,2026-09-16
603656,泰禾智能,2026-09-16
603657,春光科技,2026-09-16
603660,苏州科达,2026-09-16
603665,康隆达,2026-09-16
603668,天马科技,2026-09-16
603677,奇精机械,2026-09-16
603680,今创集团,2026-09-16
603681,永冠新材,2026-09-16
603683,晶华新材,2026-09-16
603686,福龙马,2026-09-16
603687,大胜达,2026-09-16
603696,安记食品,2026-09-16
603697,有友食品,2026-09-16
603701,德宏股份,2026-09-16
603703,盛洋科技,2026-09-16
603708,家家悦,2026-09-16
603711,香飘飘,2026-09-16
603722,阿科力,2026-09-16
603726,朗迪集团,2026-09-16
603727,博迈科,2026-09-16
603738,泰晶科技,2026-09-16
603739,蔚蓝生物,2026-09-16
603757,大元泵业,2026-09-16
603758,秦安股份,2026-09-16
603759,海天股份,2026-09-16
603767,中马传动,2026-09-16
603776,永安行,2026-09-16
603777,来伊份,2026-09-16
603787,新日股份,2026-09-16
603790,雅运股份,2026-09-16
603798,康普顿,2026-09-16
603800,洪田股份,2026-09-16
603811,诚意药业,2026-09-16
603815,交建股份,2026-09-16
603817,海峡环保,2026-09-16
603823,百合花,2026-09-16
603829,洛凯股份,2026-09-16
603848,好太太,2026-09-16
603855,华荣股份,2026-09-16
603859,能科科技,2026-09-16
603861,白云电器,2026-09-16
603867,新化股份,2026-09-16
603878,武进不锈,2026-09-16
603889,新澳股份,2026-09-16
603890,春秋电子,2026-09-16
603897,长城科技,2026-09-16
603901,永创智能,2026-09-16
603912,佳力图,2026-09-16
603916,苏博特,2026-09-16
603917,合力科技,2026-09-16
603918,金桥信息,2026-09-16
603926,铁流股份,2026-09-16
603928,兴业股份,2026-09-16
603931,格林达,2026-09-16
603933,睿能科技,2026-09-16
603936,博敏电子,2026-09-16
603938,三孚股份,2026-09-16
603948,建业股份,2026-09-16
603949,雪龙集团,2026-09-16
603960,克来机电,2026-09-16
603966,法兰泰克,2026-09-16
603967,中创物流,2026-09-16
603969,银龙股份,2026-09-16
603977,国泰集团,2026-09-16
603980,吉华集团,2026-09-16
603985,恒润股份,2026-09-16
603987,康德莱,2026-09-16
603988,中电电机,2026-09-16
603989,艾华集团,2026-09-16
603990,麦迪科技,2026-09-16
603995,甬金股份,2026-09-16
603998,方盛制药,2026-09-16
603999,读者传媒,2026-09-16
605005,合兴股份,2026-09-16
605006,山东玻纤,2026-09-16
605007,五洲特纸,2026-09-16
605009,豪悦护理,2026-09-16
605016,百龙创园,2026-09-16
605018,长华集团,2026-09-16
605028,世茂能源,2026-09-16
605050,福然德,2026-09-16
605056,咸亨国际,2026-09-16
605058,澳弘电子,2026-09-16
605060,联德股份,2026-09-16
605066,天正电气,2026-09-16
605068,明新旭腾,2026-09-16
605077,华康股份,2026-09-16
605080,浙江自然,2026-09-16
605086,龙高股份,2026-09-16
605088,冠盛股份,2026-09-16
605100,华丰股份,2026-09-16
605108,同庆楼,2026-09-16
605128,上海沿浦,2026-09-16
605133,嵘泰股份,2026-09-16
605136,丽人丽妆,2026-09-16
605162,新中港,2026-09-16
605166,聚合顺,2026-09-16
605167,利柏特,2026-09-16
605168,三人行,2026-09-16
605169,洪通燃气,2026-09-16
605179,一鸣食品,2026-09-16
605183,确成股份,2026-09-16
605188,国光连锁,2026-09-16
605208,永茂泰,2026-09-16
605222,起帆电缆,2026-09-16
605228,神通科技,2026-09-16
605258,协和电子,2026-09-16
605259,绿田机械,2026-09-16
605268,王力安防,2026-09-16
605277,新亚电子,2026-09-16
605286,同力天启,2026-09-16
605287,德才股份,2026-09-16
605288,凯迪股份,2026-09-16
605289,罗曼股份,2026-09-16
605298,必得科技,2026-09-16
605299,舒华体育,2026-09-16
605305,中际联合,2026-09-16
605319,无锡振华,2026-09-16
605337,李子园,2026-09-16
605338,巴比食品,2026-09-16
605365,立达信,2026-09-16
605366,宏柏新材,2026-09-16
605377,华旺科技,2026-09-16
605378,野马电池,2026-09-16
605388,均瑶健康,2026-09-16
605389,长龄液压,2026-09-16
605398,新炬网络,2026-09-16
605399,晨光新材,2026-09-16
605488,福莱新材,2026-09-16
605500,森林包装,2026-09-16
605566,福莱蒽特,2026-09-16
605577,龙版传媒,2026-09-16
605580,恒盛能源,2026-09-16
605588,冠石科技,2026-09-16
605598,上海港湾,2026-09-16
688007,光峰科技,2026-09-16
688010,福光股份,2026-09-16
688011,新光光电,2026-09-16
688013,天臣医疗,2026-09-16
688020,方邦股份,2026-09-16
688023,安恒信息,2026-09-16
688028,沃尔德,2026-09-16
688035,德邦科技,2026-09-16
688039,当虹科技,2026-09-16
688046,药康生物,2026-09-16
688049,炬芯科技,2026-09-16
688059,华锐精密,2026-09-16
688070,纵横股份,2026-09-16
688071,华依科技,2026-09-16
688073,毕得医药,2026-09-16
688077,大地熊,2026-09-16
688079,美迪凯,2026-09-16
688080,映翰通,2026-09-16
688084,晶品特装,2026-09-16
688085,三友医疗,2026-09-16
688087,英科再生,2026-09-16
688090,瑞松科技,2026-09-16
688093,世华科技,2026-09-16
688095,福昕软件,2026-09-16
688098,申联生物,2026-09-16
688103,国力电子,2026-09-16
688108,赛诺医疗,2026-09-16
688109,品茗科技,2026-09-16
688112,鼎阳科技,2026-09-16
688117,圣诺生物,2026-09-16
688119,中钢洛耐,2026-09-16
688125,安达智能,2026-09-16
688133,泰坦科技,2026-09-16
688135,利扬芯片,2026-09-16
688136,科兴制药,2026-09-16
688138,清溢光电,2026-09-16
688143,长盈通,2026-09-16
688148,芳源股份,2026-09-16
688151,华强科技,2026-09-16
688152,麒麟信安,2026-09-16
688155,先惠技术,2026-09-16
688157,松井股份,2026-09-16
688159,有方科技,2026-09-16
688160,步科股份,2026-09-16
688162,巨一科技,2026-09-16
688168,安博通,2026-09-16
688170,德龙激光,2026-09-16
688171,纬德信息,2026-09-16
688173,希荻微,2026-09-16
688176,亚虹医药,2026-09-16
688179,阿拉丁,2026-09-16
688181,八亿时空,2026-09-16
688185,康希诺,2026-09-16
688186,广大特材,2026-09-16
688191,智洋创新,2026-09-16
688196,卓越新能,2026-09-16
688197,首药控股,2026-09-16
688199,久日新材,2026-09-16
688202,美迪西,2026-09-16
688207,格灵深瞳,2026-09-16
688210,统联精密,2026-09-16
688212,澳华内镜,2026-09-16
688215,瑞晟智能,2026-09-16
688219,会通股份,2026-09-16
688221,前沿生物,2026-09-16
688222,成都先导,2026-09-16
688225,亚信安全,2026-09-16
688226,威腾电气,2026-09-16
688227,品高股份,2026-09-16
688228,开普云,2026-09-16
688230,芯导科技,2026-09-16
688231,隆达股份,2026-09-16
688233,神工股份,2026-09-16
688237,超卓航科,2026-09-16
688238,和元生物,2026-09-16
688239,航宇科技,2026-09-16
688244,永信至诚,2026-09-16
688246,嘉和美康,2026-09-16
688253,英诺特,2026-09-16
688255,凯尔达,2026-09-16
688257,新锐股份,2026-09-16
688258,卓易信息,2026-09-16
688259,创耀科技,2026-09-16
688261,东微半导,2026-09-16
688267,中触媒,2026-09-16
688268,华特气体,2026-09-16
688269,凯立新材,2026-09-16
688273,麦澜德,2026-09-16
688275,万润新能,2026-09-16
688276,百克生物,2026-09-16
688277,天智航,2026-09-16
688280,精进电动,2026-09-16
688282,理工导航,2026-09-16
688283,坤恒顺维,2026-09-16
688286,敏芯股份,2026-09-16
688290,景业智能,2026-09-16
688291,金橙子,2026-09-16
688292,浩瀚深度,2026-09-16
688293,奥浦迈,2026-09-16
688298,东方生物,2026-09-16
688299,长阳科技,2026-09-16
688302,海创药业,2026-09-16
688305,科德数控,2026-09-16
688307,中润光学,2026-09-16
688308,欧科亿,2026-09-16
688311,盟升电子,2026-09-16
688312,燕麦科技,2026-09-16
688315,诺禾致源,2026-09-16
688317,之江生物,2026-09-16
688319,欧林生物,2026-09-16
688320,禾川科技,2026-09-16
688325,赛微微电,2026-09-16
688330,宏力达,2026-09-16
688334,西高院,2026-09-16
688335,复洁科技,2026-09-16
688337,普源精电,2026-09-16
688339,亿华通,2026-09-16
688345,博力威,2026-09-16
688348,昱能科技,2026-09-16
688356,键凯科技,2026-09-16
688359,三孚新科,2026-09-16
688360,德马科技,2026-09-16
688365,光云科技,2026-09-16
688369,致远互联,2026-09-16
688373,盟科药业,2026-09-16
688376,美埃科技,2026-09-16
688377,迪威尔,2026-09-16
688378,奥来德,2026-09-16
688379,华光新材,2026-09-16
688381,帝奥微,2026-09-16
688383,新益昌,2026-09-16
688386,泛亚微透,2026-09-16
688398,赛特新材,2026-09-16
688399,硕世生物,2026-09-16
688401,路维光电,2026-09-16
688410,山外山,2026-09-16
688416,恒烁股份,2026-09-16
688418,震有科技,2026-09-16
688419,耐科装备,2026-09-16
688428,诺诚健华,2026-09-16
688435,英方软件,2026-09-16
688456,有研粉材,2026-09-16
688458,美芯晟,2026-09-16
688478,晶升股份,2026-09-16
688480,赛恩斯,2026-09-16
688488,艾迪药业,2026-09-16
688489,三未信安,2026-09-16
688499,利元亨,2026-09-16
688500,慧辰股份,2026-09-16
688501,青达环保,2026-09-16
688505,复旦张江,2026-09-16
688507,索辰科技,2026-09-16
688508,芯朋微,2026-09-16
688509,正元地信,2026-09-16
688510,航亚科技,2026-09-16
688512,慧智微,2026-09-16
688513,苑东生物,2026-09-16
688518,联赢激光,2026-09-16
688529,豪森智能,2026-09-16
688535,华海诚科,2026-09-16
688539,高华科技,2026-09-16
688550,瑞联新材,2026-09-16
688553,汇宇制药,2026-09-16
688556,高测股份,2026-09-16
688557,兰剑智能,2026-09-16
688562,航天软件,2026-09-16
688566,吉贝尔,2026-09-16
688577,浙海德曼,2026-09-16
688579,地纬智能,2026-09-16
688580,伟思医疗,2026-09-16
688583,思看科技,2026-09-16
688588,凌志软件,2026-09-16
688589,力合微,2026-09-16
688590,新致软件,2026-09-16
688592,司南导航,2026-09-16
688595,芯海科技,2026-09-16
688598,金博股份,2026-09-16
688601,力芯微,2026-09-16
688602,康鹏科技,2026-09-16
688603,天承科技,2026-09-16
688609,九联科技,2026-09-16
688610,埃科光电,2026-09-16
688611,杭州柯林,2026-09-16
688620,安凯微,2026-09-16
688621,阳光诺和,2026-09-16
688625,呈和科技,2026-09-16
688626,翔宇医疗,2026-09-16
688628,优利德,2026-09-16
688636,智明达,2026-09-16
688648,中邮科技,2026-09-16
688651,盛邦安全,2026-09-16
688653,康希通信,2026-09-16
688656,浩欧博,2026-09-16
688661,和林微纳,2026-09-16
688662,富信科技,2026-09-16
688663,新风光,2026-09-16
688665,四方光电,2026-09-16
688667,菱电电控,2026-09-16
688677,海泰新光,2026-09-16
688678,福立旺,2026-09-16
688679,通源环境,2026-09-16
688680,海优新材,2026-09-16
688682,霍莱沃,2026-09-16
688685,迈信林,2026-09-16
688687,凯因科技,2026-09-16
688689,银河微电,2026-09-16
688693,锴威特,2026-09-16
688696,极米科技,2026-09-16
688697,纽威数控,2026-09-16
688699,明微电子,2026-09-16
688707,振华新材,2026-09-16
688710,益诺思,2026-09-16
688711,宏微科技,2026-09-16
688716,中研股份,2026-09-16
688719,爱科赛博,2026-09-16
688720,艾森股份,2026-09-16
688721,龙图光罩,2026-09-16
688722,同益中,2026-09-16
688733,壹石通,2026-09-16
688750,金天钛业,2026-09-16
688757,胜科纳米,2026-09-16
688758,赛分科技,2026-09-16
688767,博拓生物,2026-09-16
688768,容知日新,2026-09-16
688786,悦安新材,2026-09-16
688787,海天瑞声,2026-09-16
688788,科思科技,2026-09-16
688799,华纳药厂,2026-09-16
920001,纬达光电,2026-09-16
920077,吉林碳谷,2026-09-16
920174,五新智能,2026-09-16
920190,雷神科技,2026-09-16
920225,利通科技,2026-09-16
920239,长虹能源,2026-09-16
920247,华密新材,2026-09-16
920249,利尔达,2026-09-16
920273,一致魔芋,2026-09-16
920368,连城数控,2026-09-16
920394,民士达,2026-09-16
920402,硅烷科技,2026-09-16
920418,苏轴股份,2026-09-16
920438,戈碧迦,2026-09-16
920491,奥迪威,2026-09-16
920505,九菱科技,2026-09-16
920509,同惠电子,2026-09-16
920522,纳科诺尔,2026-09-16
920533,骏创科技,2026-09-16
920571,国航远洋,2026-09-16
920576,天力复合,2026-09-16
920593,鼎智科技,2026-09-16
920599,同力股份,2026-09-16
920640,富士达,2026-09-16
920682,球冠电缆,2026-09-16
920693,阿为特,2026-09-16
920735,德源药业,2026-09-16
920779,武汉蓝电,2026-09-16
920790,联迪信息,2026-09-16
920799,艾融软件,2026-09-16
920806,云星宇,2026-09-16
920821,则成电子,2026-09-16
920839,万通液压,2026-09-16
920879,基康技术,2026-09-16
920885,星辰科技,2026-09-16
920946,森萱医药,2026-09-16
920953,国子软件,2026-09-16
920971,天马新材,2026-09-16
920978,开特股份,2026-09-16
